{"<Sorting: boolean isSorted(int[])>":{"SortingTest : test":[0,1,3,4,6,1,3,4,6,1,3,4,6,1,3,4,6,1,3,4,6,1,3,4,6,1,3,4,6,1,3,4,6,1,3,4,6,1,3,4,6,1,3,4,6,1,3,4,6,1,3,4,6,1,2,7,0,1,3,4,6,1,3,4,6,1,3,4,6,1,3,4,6,1,3,4,6,1,3,4,6,1,3,4,6,1,3,4,6,1,3,4,6,1,3,4,6,1,3,4,6,1,3,4,6,1,3,4,6,1,2,7]},"<Sorting: void swap(int[],int,int)>":{"SortingTest : test":[0,0,0,0]},"<Sorting: void insertionSort(int[],int,int)>":{"SortingTest : test":[0,1,3,4,6,7,9,1,3,4,6,7,9,1,3,4,6,7,9,1,3,4,6,7,9,1,3,4,6,7,9,1,2,10,0,1,3,4,6,7,9,1,3,4,6,7,9,1,3,4,6,7,9,1,3,4,6,7,9,1,3,4,6,7,9,1,3,4,6,7,9,1,2,10,0,1,3,4,6,7,9,1,3,4,6,7,9,1,3,4,6,7,9,1,3,4,6,7,9,1,2,10,0,1,3,4,6,7,9,1,3,4,6,7,9,1,3,4,6,7,9,1,3,4,6,7,9,1,3,4,6,7,9,1,2,10,0,1,3,4,6,7,9,1,3,4,6,7,9,1,3,4,6,7,9,1,3,4,6,7,9,1,3,4,6,7,9,1,3,4,6,7,9,1,3,4,6,7,9,1,3,4,6,7,9,1,3,4,6,7,9,1,3,4,6,7,9,1,3,4,6,7,9,1,2,10]},"<Sorting: void quicksort(int[])>":{"SortingTest : test":[0]},"<Sorting: void insertionSort(int[])>":{"SortingTest : test":[0,1,3,4,6,8,4,5,9,1,3,4,6,8,4,6,7,9,1,3,4,6,8,4,6,8,4,6,8,4,5,9,1,3,4,6,7,9,1,3,4,6,8,4,6,7,9,1,3,4,6,7,9,1,3,4,6,7,9,1,3,4,6,8,4,6,7,9,1,3,4,6,7,9,1,3,4,6,7,9,1,3,4,6,8,4,6,7,9,1,3,4,6,7,9,1,3,4,6,7,9,1,2,10]},"<Sorting: int median3(int[],int,int)>":{"SortingTest : test":[0,1,3,4,6,7,9,0,1,3,4,6,7,9]},"<Sorting: void <init>()>":{"SortingTest : test":[0]},"<Sorting: void swapReferences(java.lang.Object[],int,int)>":{"SortingTest : test":[0]},"<Sorting: void quicksort(int[],int,int)>":{"SortingTest : test":[0,2,3,4,6,4,6,4,6,4,6,4,6,4,5,7,9,7,9,7,9,7,9,7,9,7,9,7,8,10,11,13,15,0,1,16,17,0,1,16,17,17,0,2,3,4,6,4,6,4,6,4,6,4,5,7,9,7,9,7,9,7,9,7,9,7,8,10,11,13,15,0,1,16,17,0,1,16,17,17]},"<Sorting: void <clinit>()>":{"SortingTest : test":[0]}}