{
  "temp$15": {"13": [13]},
  "temp$16": {"15": [15]},
  "temp$17": {"15": [15]},
  "temp$18": {"16": [16]},
  "temp$11": {"11": [11]},
  "temp$50": {"22": [22]},
  "temp$13": {"12": [12]},
  "temp$14": {"12": [12]},
  "temp$19": {"16": [16]},
  "temp$10": {"11": [11]},
  "avgCircleTime": {
    "21": [
      0,
      21
    ],
    "22": [
      0,
      21,
      22
    ]
  },
  "temp$40": {"21": [21]},
  "temp$41": {"21": [21]},
  "temp$42": {"22": [22]},
  "temp$43": {"22": [22]},
  "ins": {
    "16": [
      0,
      16
    ],
    "13": [
      0,
      16
    ],
    "11": [
      0,
      16
    ]
  },
  "lst": {"22": [0]},
  "now": {"16": [16]},
  "temp$48": {"22": [22]},
  "temp$45": {"22": [22]},
  "temp$44": {"22": [22]},
  "temp$47": {"22": [22]},
  "temp$46": {"22": [22]},
  "temp$31": {"21": [21]},
  "temp$32": {"21": [21]},
  "temp$30": {"21": [21]},
  "avgCircleTimeWP": {
    "21": [
      0,
      21
    ],
    "22": [
      0,
      21,
      22
    ]
  },
  "temp$36": {"21": [21]},
  "temp$35": {"21": [21]},
  "temp$34": {"21": [21]},
  "temp$33": {"21": [21]},
  "temp$39": {"21": [21]},
  "temp$38": {"21": [21]},
  "temp$37": {"21": [21]},
  "temp$20": {"16": [16]},
  "counter": {
    "1": [
      0,
      16
    ],
    "16": [
      0,
      16
    ]
  },
  "temp$21": {"16": [16]},
  "m": {
    "21": [
      18,
      21
    ],
    "19": [
      18,
      21
    ]
  },
  "j": {
    "6": [
      3,
      12
    ],
    "4": [
      3,
      12
    ],
    "9": [
      3,
      12
    ],
    "11": [
      3,
      12
    ],
    "12": [
      3,
      12
    ]
  },
  "i": {
    "15": [
      0,
      15,
      16
    ],
    "9": [
      0,
      15,
      16
    ],
    "16": [
      0,
      15,
      16
    ]
  },
  "works": {
    "21": [0],
    "1": [0],
    "6": [0],
    "19": [0],
    "4": [0],
    "22": [0],
    "9": [0],
    "11": [0]
  },
  "temp$1": {"0": [0]},
  "temp$0": {"0": [0]},
  "temp$3": {"4": [4]},
  "temp$2": {"1": [1]},
  "temp$5": {"6": [6]},
  "temp$4": {"6": [6]},
  "temp$7": {"9": [9]},
  "temp$6": {"6": [6]},
  "temp$9": {"9": [9]},
  "temp$23": {"16": [16]},
  "temp$8": {"9": [9]},
  "temp$22": {"16": [16]},
  "temp$25": {"16": [16]},
  "temp$24": {"16": [16]},
  "temp$27": {"16": [16]},
  "temp$26": {"16": [16]},
  "temp$29": {"21": [21]},
  "temp$28": {"19": [19]}
}