{
  "temp$11": {"9": [9]},
  "b": {"6": [6]},
  "temp$12": {"9": [9]},
  "temp$13": {"10": [10]},
  "temp$14": {"10": [10]},
  "a": {"6": [6]},
  "ins": {
    "1": [0],
    "6": [0],
    "4": [0],
    "8": [0],
    "11": [0]
  },
  "bw": {
    "6": [6],
    "8": [6]
  },
  "j": {
    "6": [
      3,
      9
    ],
    "4": [
      3,
      9
    ],
    "9": [
      3,
      9
    ],
    "8": [
      3,
      9
    ]
  },
  "aw": {"6": [6]},
  "i": {
    "3": [
      0,
      10
    ],
    "10": [
      0,
      10
    ],
    "1": [
      0,
      10
    ],
    "6": [
      0,
      10
    ],
    "8": [
      0,
      10
    ]
  },
  "temp$1": {"3": [3]},
  "temp$0": {"1": [1]},
  "temp$3": {"6": [6]},
  "temp$2": {"4": [4]},
  "temp$5": {"6": [6]},
  "temp$4": {"6": [6]},
  "temp$7": {"6": [6]},
  "temp$6": {"6": [6]},
  "temp$9": {"8": [8]},
  "temp$8": {"6": [6]}
}