{"<Triangle: java.lang.String getType(Triangle)>":{"TriangleTest : test":[0,15,0,15,0,1,2,3,4,5,6,15,0,1,2,7,8,9,10,11,12,13,15,0,1,2,3,4,7,14,15]},"<Triangle: boolean isTriangle(Triangle)>":{"TriangleTest : test":[0,19,0,1,2,3,4,5,6,7,8,9,10,11,12,19,0,1,2,3,4,5,6,7,8,9,10,11,12,13,14,15,16,17,18,19,0,1,2,3,4,5,6,7,8,9,10,11,12,13,14,15,16,17,18,19,0,1,2,3,4,5,6,7,8,9,10,11,12,13,14,15,16,17,18,19]},"<Triangle: long diffOfBorders(long,long)>":{"TriangleTest : test":[0,1,2,4,0,3,4,0,3,4,0,3,4,0,3,4,0,3,4,0,1,2,4,0,3,4,0,3,4,0,1,2,4]},"<Triangle: void <init>(long,long,long)>":{"TriangleTest : test":[0,0,0,0,0,0]}}