{"<Schedule: java.util.List SJF(java.util.List)>":{"ScheduleTest : test":[0,1,3,4,6,9,10,12,4,6,9,10,12,4,6,9,10,12,4,5,13,14,15,17,1,3,4,6,9,10,12,4,6,9,10,12,4,6,9,10,12,4,5,13,14,15,17,1,3,4,6,9,11,12,4,6,9,10,12,4,6,9,10,12,4,5,13,16,17,1,3,4,6,7,8,12,4,6,9,11,12,4,6,9,11,12,4,5,13,16,17,1,3,4,6,7,8,12,4,6,7,8,12,4,6,9,11,12,4,5,13,16,17,1,2,18,19,21,19,21,19,21,19,20,22]},"<Work: int getBeginTime()>":{"ScheduleTest : test":[0,0,0,0,0,0]},"<Work: int getServiceTime()>":{"ScheduleTest : test":[0,0,0,0,0,0,0,0,0,0,0,0,0,0]},"<Work: int getArrivalTime()>":{"ScheduleTest : test":[0,0,0,0,0,0,0,0,0,0,0,0,0]},"<Work: void setEndTime(int)>":{"ScheduleTest : test":[0,0,0,0,0,0]},"<Schedule: java.util.List FCFS(java.util.List)>":{"ScheduleTest : test":[0,1,3,4,6,7,1,3,5,7,1,3,5,7,1,2,8]},"<Work: int getCircleTime()>":{"ScheduleTest : test":[0,0,0,0,0,0,0,0,0,0,0,0]},"<Work: boolean isIn()>":{"ScheduleTest : test":[0,0,0,0,0,0,0,0,0,0,0,0,0,0,0]},"<Schedule: java.util.List sortByServiceTime(java.util.List)>":{"ScheduleTest : test":[0,1,3,4,5,10,1,2,11,0,1,3,4,6,7,9,4,5,10,1,3,4,5,10,1,2,11,0,1,3,4,5,10,1,2,11,0,1,3,4,6,8,9,4,6,7,9,4,5,10,1,3,4,6,7,9,4,5,10,1,3,4,5,10,1,2,11]},"<Work: void setBeginTime(int)>":{"ScheduleTest : test":[0,0,0,0,0,0]},"<Work: int getEndTime()>":{"ScheduleTest : test":[0,0,0,0,0]},"<Schedule: void <init>()>":{"ScheduleTest : test":[0]},"<Work: void setIn()>":{"ScheduleTest : test":[0,0,0]},"<Work: void <init>(java.lang.String,int,int)>":{"ScheduleTest : test":[0,0,0]},"<Work: double getCircleWPTime()>":{"ScheduleTest : test":[0,0,0,0,0,0]}}